{"cameraMode":{"drawMode":0,"name":"Shaded","section":"Shading Mode"},"sceneLighting":true,"audioPlay":false,"sceneViewState":{"m_AlwaysRefresh":false,"showFog":true,"showSkybox":true,"showFlares":true,"showImageEffects":true,"showParticleSystems":true,"showVisualEffectGraphs":true,"m_FxEnabled":true},"in2DMode":false,"pivot":{"x":-0.4427689015865326,"y":7.6426005363464359,"z":-9.900336265563965},"rotation":{"x":-0.18321049213409425,"y":0.014024972915649414,"z":-0.0019699858967214824,"w":-0.9832797050476074},"size":5.248645305633545,"orthographic":false}