{"cameraMode":{"drawMode":0,"name":"Shaded","section":"Shading Mode"},"sceneLighting":false,"audioPlay":false,"sceneViewState":{"m_AlwaysRefresh":false,"showFog":true,"showSkybox":false,"showFlares":true,"showImageEffects":true,"showParticleSystems":true,"showVisualEffectGraphs":true,"m_FxEnabled":true},"in2DMode":false,"pivot":{"x":9.508456230163575,"y":-0.039678096771240237,"z":0.39366722106933596},"rotation":{"x":0.30799347162246706,"y":0.034377094358205798,"z":-0.011617662385106087,"w":0.9510455131530762},"size":16.906597137451173,"orthographic":false}