{"cameraMode":{"drawMode":0,"name":"Shaded","section":"Shading Mode"},"sceneLighting":false,"audioPlay":false,"sceneViewState":{"m_AlwaysRefresh":false,"showFog":true,"showSkybox":false,"showFlares":true,"showImageEffects":true,"showParticleSystems":true,"showVisualEffectGraphs":true,"m_FxEnabled":true},"in2DMode":false,"pivot":{"x":-10.615585327148438,"y":-0.1593104898929596,"z":-0.08713087439537049},"rotation":{"x":-0.04777944087982178,"y":0.7921679615974426,"z":-0.0623297393321991,"w":-0.6053702235221863},"size":1.2338190078735352,"orthographic":false}