{"cameraMode":{"drawMode":0,"name":"Shaded","section":"Shading Mode"},"sceneLighting":false,"audioPlay":false,"sceneViewState":{"m_AlwaysRefresh":false,"showFog":true,"showSkybox":false,"showFlares":true,"showImageEffects":true,"showParticleSystems":true,"showVisualEffectGraphs":true,"m_FxEnabled":true},"in2DMode":false,"pivot":{"x":-10.54277515411377,"y":-0.08972615003585816,"z":-1.3766887187957764},"rotation":{"x":0.024187499657273294,"y":0.9754879474639893,"z":-0.1660747528076172,"w":0.1429348587989807},"size":2.0548441410064699,"orthographic":false}